name,username,image,date,desc
ANOOP MISHRRA,@anoop_mishra,https://nitter.moomoo.me/pic/profile_images%2F1721301239236087808%2F8gcphEBs_bigger.png,"Jan 6, 2024 Â· 11:59 PM UTC","Selamat ultah masÂ 

 Ganjar Mahfud Hebat #L3bihbaik #3GM#GanjarMahfud2024 Kalau Prabowo Gibran"
Ashe Thompson,@AsheThompson1,https://nitter.moomoo.me/pic/profile_images%2F1721298959614750720%2FJNs6e5JR_bigger.png,"Jan 6, 2024 Â· 11:59 PM UTC","Ganjar Pranowo, pemimpin yang akan membangun Jakarta dengan penuh kasih sayang

 Ganjar Mahfud Hebat #L3bihbaik #3GM#GanjarMahfud2024 Resolusi Indonesia"
Assu Padel Yatra05,@Assupadelyatra5,https://nitter.moomoo.me/pic/profile_images%2F1454098815607181316%2FxuJuqN9X_bigger.jpg,"Jan 6, 2024 Â· 11:59 PM UTC","Ganjar Pranowo dan Mahfud MD, dua figur yang bisa membawa kehangatan keluarga ke tingkat nasional

 Ganjar Mahfud Hebat #L3bihbaik #3GM#GanjarMahfud2024 KM 50"
Arun Krishna,@ArunKri16120007,https://nitter.moomoo.me/pic/profile_images%2F1374743245247418372%2FdxsDEBzQ_bigger.jpg,"Jan 6, 2024 Â· 11:59 PM UTC","AntonKu73047372 mohmahfudmd SiapÂ 

 Ganjar Mahfud Hebat #L3bihbaik #3GM#GanjarMahfud2024 Sambo"
ã‘ã„ã£ã—,@annkinako928,https://nitter.moomoo.me/pic/profile_images%2F433621754494193664%2FGricQIy5_bigger.jpeg,"Jan 6, 2024 Â· 11:59 PM UTC","tempodotco Sampai kapanpun saya dukung Ganjar Pranowo

 Ganjar Mahfud Hebat #L3bihbaik #3GM#GanjarMahfud2024 Resolusi Indonesia"
anna rose,@AnnaRoseemail,https://nitter.moomoo.me/pic/profile_images%2F1718803411154411520%2FbhU9SK74_bigger.png,"Jan 6, 2024 Â· 11:58 PM UTC","Semoga Mahfud MD bersama Ganjar Pranowo memimpinÂ 

 Ganjar Mahfud Hebat #L3bihbaik #3GM#GanjarMahfud2024 Sambo"
anunseejaima,@anunseejaima,https://nitter.moomoo.me/pic/profile_images%2F1721301290024615936%2F9geSwAFW_bigger.png,"Jan 6, 2024 Â· 11:58 PM UTC","Aksi Ganjar Pranowo bersama srimulat adalah bukti bahwa beliau adalah pemimpin yang dekat dengan rakyat

 Ganjar Mahfud Hebat #L3bihbaik #3GM#GanjarMahfud2024 Saifu Jamil"
Gesuri,@GesuriID,https://nitter.moomoo.me/pic/profile_images%2F935094379638689792%2FY2yHR5kF_bigger.jpg,"Jan 6, 2024 Â· 11:58 PM UTC","TPN Ganjar-Mahfud: Kuatkan Industri Pertahanan Dalam Negeri, Alutsista Indonesia Jangan Tergantung pada Impor gesuri.id/pemerintahan/tpn-gâ€¦"
Ashe Thompson,@AsheThompson1,https://nitter.moomoo.me/pic/profile_images%2F1721298959614750720%2FJNs6e5JR_bigger.png,"Jan 6, 2024 Â· 11:58 PM UTC","Ganjar Pranowo Mahfud MD, pemimpin yang dapat dipercaya, didukung oleh beragam kalangan, Presiden Indonesia 2024

 Ganjar Mahfud Hebat #L3bihbaik #3GM#GanjarMahfud2024 Kalau Prabowo Gibran"
amthucvanhoaonline,@amthucvanhoa,https://nitter.moomoo.me/pic/abs.twimg.com%2Fsticky%2Fdefault_profile_images%2Fdefault_profile_bigger.png,"Jan 6, 2024 Â· 11:58 PM UTC","Ganjar Pranowo Tokoh Pemimpin yang mampu membawa Indonesia menjadi negara yang lebih damai

 Ganjar Mahfud Hebat #L3bihbaik #3GM#GanjarMahfud2024 Sambo"
g,@alwmobile615,https://nitter.moomoo.me/pic/profile_images%2F1721295940433129472%2FS_iCXQlU_bigger.png,"Jan 6, 2024 Â· 11:58 PM UTC","tempodotco semangat pak Â  Â  kami akan selalu m3nddukung muÂ 

 Ganjar Mahfud Hebat #L3bihbaik #3GM#GanjarMahfud2024 Saifu Jamil"
Ana Bell,@angelfaceac,https://nitter.moomoo.me/pic/profile_images%2F616227537%2FPhoto_on_2009-11-17_at_00.10__2_bigger.jpg,"Jan 6, 2024 Â· 11:57 PM UTC","D video tersebut, terlihat bahwa keluarga Mas Ganjar Pranowo hidup dengan nilai-nilai luhur

 Ganjar Mahfud Hebat #L3bihbaik #3GM#GanjarMahfud2024 Sambo"
anna rose,@AnnaRoseemail,https://nitter.moomoo.me/pic/profile_images%2F1718803411154411520%2FbhU9SK74_bigger.png,"Jan 6, 2024 Â· 11:57 PM UTC","Ganjar pun mengucapkan terima kasih karena

 Ganjar Mahfud Hebat #L3bihbaik #3GM#GanjarMahfud2024 KM 50"
DPP BANTENG MUDA INDONESIA,@DPPBMI,https://nitter.moomoo.me/pic/profile_images%2F1650538155102318592%2F1D7GUXT8_bigger.jpg,"Jan 6, 2024 Â· 11:57 PM UTC","Dengan menjamin gaji bagi sekolah dan mendorong keterlibatan langsung dengan industri, Ganjar-Mahfud memberikan jaminan bahwa setiap lulusan tidak hanya akan membawa pulang gelar, tetapi juga kesempatan pekerjaan yang menanti mereka di dunia nyata.

#PDIPerjuanganÂ 
#BantengMudaIndonesia
#MudaBerjuangÂ 
#MEnangkanGAnjarÂ 
#GanjarforPresidentÂ 
#Presiden2024Â 
#GanjarMahfud
#GenerasiGotongRoyong 
#PDIPerjuanganM3nangÂ 
#SolidBergerak"
Adam Bogart,@AdamBogart12,https://nitter.moomoo.me/pic/profile_images%2F1721324682694246400%2FtWiafTlu_bigger.png,"Jan 6, 2024 Â· 11:57 PM UTC","NUSADAILY

 Ganjar Mahfud Hebat #L3bihbaik #3GM#GanjarMahfud2024 Kalau Prabowo Gibran"
abuzer seven,@abuzer_seven,https://nitter.moomoo.me/pic/profile_images%2F1721272982457274368%2F3TKOzGTR_bigger.png,"Jan 6, 2024 Â· 11:57 PM UTC","NUSADAILY

 Ganjar Mahfud Hebat #L3bihbaik #3GM#GanjarMahfud2024 Resolusi Indonesia"
Ajitsingh,@Ajitsin18196782,https://nitter.moomoo.me/pic/abs.twimg.com%2Fsticky%2Fdefault_profile_images%2Fdefault_profile_bigger.png,"Jan 6, 2024 Â· 11:57 PM UTC","Bersama Ganjar Pranowo kita wujudkan kesejahteraan yang adil dan merata GanjarMahfud2024 KalimantanTimur Kalimantan timur KaltimÂ 

 Ganjar Mahfud Hebat #L3bihbaik #3GM#GanjarMahfud2024 KM 50"
ANOOP MISHRRA,@anoop_mishra,https://nitter.moomoo.me/pic/profile_images%2F1721301239236087808%2F8gcphEBs_bigger.png,"Jan 6, 2024 Â· 11:57 PM UTC","Teater komedi Ganjar Pranowo memberikan inspirasi bahwa politik tidak harus kaku dan serius, tetapi bisa penuh dengan tawa

 Ganjar Mahfud Hebat #L3bihbaik #3GM#GanjarMahfud2024 Tandanya"
Ana Bell,@angelfaceac,https://nitter.moomoo.me/pic/profile_images%2F616227537%2FPhoto_on_2009-11-17_at_00.10__2_bigger.jpg,"Jan 6, 2024 Â· 11:56 PM UTC","momen capres ganjar pranowo mengunjungi festival rumah hantuÂ 

 Ganjar Mahfud Hebat #L3bihbaik #3GM#GanjarMahfud2024 Saifu Jamil"
anna rose,@AnnaRoseemail,https://nitter.moomoo.me/pic/profile_images%2F1718803411154411520%2FbhU9SK74_bigger.png,"Jan 6, 2024 Â· 11:56 PM UTC","perayaan yang penuh khidmat dan rasa syukur

 Ganjar Mahfud Hebat #L3bihbaik #3GM#GanjarMahfud2024 KM 50"
Bli Saka,@ngurahsaka,https://nitter.moomoo.me/pic/profile_images%2F1665596027712462849%2F8W-foX5k_bigger.jpg,"Jan 6, 2024 Â· 11:56 PM UTC","sejak kapan mas ganjar dan mas anies agenda publik?
mereka berdua mewakili partai dibelakangnya kok."
amthucvanhoaonline,@amthucvanhoa,https://nitter.moomoo.me/pic/abs.twimg.com%2Fsticky%2Fdefault_profile_images%2Fdefault_profile_bigger.png,"Jan 6, 2024 Â· 11:55 PM UTC","Salah min salaaahh QTÂ  kompascom: Capres nomor urut 1, Ganjar Pranowo, berkampanye di Karawang, Jawa Barat, pada Jumat (15/12/2023)

 Ganjar Mahfud Hebat #L3bihbaik #3GM#GanjarMahfud2024 Saifu Jamil"
Ana Bell,@angelfaceac,https://nitter.moomoo.me/pic/profile_images%2F616227537%2FPhoto_on_2009-11-17_at_00.10__2_bigger.jpg,"Jan 6, 2024 Â· 11:55 PM UTC","Ganjar Pranowo, gubernur yang tidak hanya sukses d kepemimpinan, tapi juga memiliki sisi kemanusiaan yang begitu menghangatkan

 Ganjar Mahfud Hebat #L3bihbaik #3GM#GanjarMahfud2024 Saifu Jamil"
g,@alwmobile615,https://nitter.moomoo.me/pic/profile_images%2F1721295940433129472%2FS_iCXQlU_bigger.png,"Jan 6, 2024 Â· 11:55 PM UTC","Repyourebae Semoga pak ganjar Pranowo dan pak Mahfud MD bisa memenuhi impian kita semua untuk memudahkan mencari pekerjaan kerjaB3rsamaganjarÂ 

 Ganjar Mahfud Hebat #L3bihbaik #3GM#GanjarMahfud2024 Resolusi Indonesia"
marwan arisandi,@marwan23101996,https://nitter.moomoo.me/pic/profile_images%2F378800000325435226%2F6cf3a8028410ec8257b20d2f96970506_bigger.png,"Jan 6, 2024 Â· 11:55 PM UTC","Gerakan #JNKBersamaGanjarMahfud adalah bentuk apresiasi dan dukungan bagi pasangan yang telah membuktikan komitmen dan dedikasinya, Ganjar Pranowo dan Prof Mahfud. #JNK"
zidanlomans,@ZidanLomans,https://nitter.moomoo.me/pic/profile_images%2F531779214781870082%2Fso_g5bia_bigger.jpeg,"Jan 6, 2024 Â· 11:55 PM UTC","Gerakan #JNKBersamaGanjarMahfud adalah bentuk apresiasi dan dukungan bagi pasangan yang telah membuktikan komitmen dan dedikasinya, Ganjar Pranowo dan Prof Mahfud. #JNK"
James Dizon,@JamesDizon1,https://nitter.moomoo.me/pic/profile_images%2F1734134108%2FFrederick_Lorenzo_Photo_bigger.jpg,"Jan 6, 2024 Â· 11:55 PM UTC","Gerakan #JNKBersamaGanjarMahfud adalah bentuk apresiasi dan dukungan bagi pasangan yang telah membuktikan komitmen dan dedikasinya, Ganjar Pranowo dan Prof Mahfud. #JNK"
isabelle luchie,@isabelle_luchie,https://nitter.moomoo.me/pic/profile_images%2F1461089595%2F36257_1520908394902_1600330853_31104181_4045990_n_bigger.jpg,"Jan 6, 2024 Â· 11:55 PM UTC","Gerakan #JNKBersamaGanjarMahfud adalah bentuk apresiasi dan dukungan bagi pasangan yang telah membuktikan komitmen dan dedikasinya, Ganjar Pranowo dan Prof Mahfud. #JNK"
martins,@oasdmemartins,https://nitter.moomoo.me/pic/profile_images%2F1735917782431408128%2FY_2KfS_8_bigger.jpg,"Jan 6, 2024 Â· 11:55 PM UTC","Gerakan #JNKBersamaGanjarMahfud adalah bentuk apresiasi dan dukungan bagi pasangan yang telah membuktikan komitmen dan dedikasinya, Ganjar Pranowo dan Prof Mahfud. #JNK"
Dendi Harry,@Thick_Mike9,https://nitter.moomoo.me/pic/profile_images%2F1735914578335367169%2F4jSZpM3c_bigger.jpg,"Jan 6, 2024 Â· 11:55 PM UTC","Gerakan #JNKBersamaGanjarMahfud adalah bentuk apresiasi dan dukungan bagi pasangan yang telah membuktikan komitmen dan dedikasinya, Ganjar Pranowo dan Prof Mahfud. #JNK"
kasturi,@seharum_kasturi,https://nitter.moomoo.me/pic/profile_images%2F1436441028%2Fbunga-kasturi_bigger.jpg,"Jan 6, 2024 Â· 11:55 PM UTC","Gerakan #JNKBersamaGanjarMahfud adalah bentuk apresiasi dan dukungan bagi pasangan yang telah membuktikan komitmen dan dedikasinya, Ganjar Pranowo dan Prof Mahfud. #JNK"
Dini Adinda,@BruniD60992,https://nitter.moomoo.me/pic/profile_images%2F1720440372852142080%2Fz1LPEpc4_bigger.jpg,"Jan 6, 2024 Â· 11:55 PM UTC","Capres Cawapres Ganjar Pranowo dan Mahfud MD, mari kita bersama jadi pelampiasan bagi nelayan yang terjebak kredit macet! #NelayanPelampiasan#GanjarPranowoPilihanUmat  #GanjarMahfudRebound #JNK"
Basir Ali,@BasirAli88,https://nitter.moomoo.me/pic/profile_images%2F1735524490543804416%2F-yXePyGV_bigger.jpg,"Jan 6, 2024 Â· 11:55 PM UTC","Gerakan #JNKBersamaGanjarMahfud adalah bentuk apresiasi dan dukungan bagi pasangan yang telah membuktikan komitmen dan dedikasinya, Ganjar Pranowo dan Prof Mahfud. #JNK"
Alihaydar,@AliHaydarr12,https://nitter.moomoo.me/pic/profile_images%2F378800000554300415%2Fe82f3df25c99619530f25f1f1e50aa1b_bigger.jpeg,"Jan 6, 2024 Â· 11:55 PM UTC","Ganjar Pranowo Tokoh Pemimpin yang mampu membawa Indonesia menjadi negara yang lebih kuat

 Ganjar Mahfud Hebat #L3bihbaik #3GM#GanjarMahfud2024 Kalau Prabowo Gibran"
jhingga manopo,@manilyn37,https://nitter.moomoo.me/pic/profile_images%2F1734233729256849408%2FJelKn6mz_bigger.jpg,"Jan 6, 2024 Â· 11:55 PM UTC","Prepare your voice, People Party democracy is the stage of our democracy! Ayo, bersama-sama kita nyanyikan suara kita dengan memilih Ganjar Pranowo. #GanjarMahfudRebound #GanjarPranowoPilihanUmat #JNK"
LIPUTAN6,@liputan6dotcom,https://nitter.moomoo.me/pic/profile_images%2F1706236803903324160%2FgJo8r9IX_bigger.jpg,"Jan 6, 2024 Â· 11:55 PM UTC","Sosialisasikan Program Ganjar-Mahfud, Gerakan Panrannuangku Sasar Masyarakat Prasejahtera dlvr.it/T136R9 #Pemilu"
alex mulder,@alexmulder23,https://nitter.moomoo.me/pic/profile_images%2F1721294316834897920%2Fc1Z7FQ7I_bigger.png,"Jan 6, 2024 Â· 11:55 PM UTC","Pak Ganjar itu realitas dilapangan

 Ganjar Mahfud Hebat #L3bihbaik #3GM#GanjarMahfud2024 Stasiun"
alex arguelho,@alexarguelho,https://nitter.moomoo.me/pic/profile_images%2F1721294313437450240%2FEdBRBOP2_bigger.png,"Jan 6, 2024 Â· 11:55 PM UTC","ada ada aja pak ganjar pranowo ini, segala ada batasan d meroasting

 Ganjar Mahfud Hebat #L3bihbaik #3GM#GanjarMahfud2024 Resolusi Indonesia"
Ajit Sharma,@AjitSha04652778,https://nitter.moomoo.me/pic/profile_images%2F1288607511029805057%2FXmKL943r_bigger.jpg,"Jan 6, 2024 Â· 11:54 PM UTC","Pak Ganjar Pranowo dan Pak Mahfud MD menginginkan akses keadilan pada masyarakat dibuka dengan lebih luas

 Ganjar Mahfud Hebat #L3bihbaik #3GM#GanjarMahfud2024 Saifu Jamil"
Allie Nelson,@alliegrace98,https://nitter.moomoo.me/pic/profile_images%2F1721292895339085824%2FhdUwYSo9_bigger.png,"Jan 6, 2024 Â· 11:54 PM UTC","Netizen tengah ramai menjodoh-jodohkanÂ  Ganjar dengan Eca Aura

 Ganjar Mahfud Hebat #L3bihbaik #3GM#GanjarMahfud2024 Stasiun"
Gesuri,@GesuriID,https://nitter.moomoo.me/pic/profile_images%2F935094379638689792%2FY2yHR5kF_bigger.jpg,"Jan 6, 2024 Â· 11:54 PM UTC","Debat Capres Tema Hubungan Internasional, Ganjar Tegaskan Konsep Bebas Aktif Wujudkan Perdamaian Dunia gesuri.id/pemilu/debat-capreâ€¦"
g,@alwmobile615,https://nitter.moomoo.me/pic/profile_images%2F1721295940433129472%2FS_iCXQlU_bigger.png,"Jan 6, 2024 Â· 11:54 PM UTC","Semoga Mahfud MD bersama Ganjar Pranowo memimpinÂ 

 Ganjar Mahfud Hebat #L3bihbaik #3GM#GanjarMahfud2024 Kalau Prabowo Gibran"
à°°à°µà°¿à°•à±à°®à°¾à°°à± à°¬à°¿à°²à±à°²à±‡,@2Ckl0LS6RgKmCx9,https://nitter.moomoo.me/pic/abs.twimg.com%2Fsticky%2Fdefault_profile_images%2Fdefault_profile_bigger.png,"Jan 6, 2024 Â· 11:54 PM UTC","Terkait dengan pelanggaran HAM masa lalu, Pak Ganjar memberikan

 Ganjar Mahfud Hebat #L3bihbaik #3GM#GanjarMahfud2024 Kalau Prabowo Gibran"
alex mulder,@alexmulder23,https://nitter.moomoo.me/pic/profile_images%2F1721294316834897920%2Fc1Z7FQ7I_bigger.png,"Jan 6, 2024 Â· 11:53 PM UTC","Pemimpin dari keluarga sederhana adalah teladan yang baik

 Ganjar Mahfud Hebat #L3bihbaik #3GM#GanjarMahfud2024 Kalau Prabowo Gibran"
Ahmet,@ahmetrecep16,https://nitter.moomoo.me/pic/profile_images%2F1721305177993404416%2Fi1JBLcwl_bigger.png,"Jan 6, 2024 Â· 11:53 PM UTC","Debat Capres Pertama, Ganjar Tegaskan Jaga Demokrasi dan Sikat Korupsi Bengis GPT-4

 Ganjar Mahfud Hebat #L3bihbaik #3GM#GanjarMahfud2024 Resolusi Indonesia"
Adam Bogart,@AdamBogart12,https://nitter.moomoo.me/pic/profile_images%2F1721324682694246400%2FtWiafTlu_bigger.png,"Jan 6, 2024 Â· 11:53 PM UTC","Debat Capres Pertama, Ganjar Tegaskan Jaga Demokrasi dan Sikat Korupsi Bengis GPT-4

 Ganjar Mahfud Hebat #L3bihbaik #3GM#GanjarMahfud2024 Sambo"
abuzer seven,@abuzer_seven,https://nitter.moomoo.me/pic/profile_images%2F1721272982457274368%2F3TKOzGTR_bigger.png,"Jan 6, 2024 Â· 11:53 PM UTC","Debat Capres Pertama, Ganjar Tegaskan Jaga Demokrasi dan Sikat Korupsi Bengis GPT-4

 Ganjar Mahfud Hebat #L3bihbaik #3GM#GanjarMahfud2024 Tandanya"
Abhishek,@Abhishe89265172,https://nitter.moomoo.me/pic/abs.twimg.com%2Fsticky%2Fdefault_profile_images%2Fdefault_profile_bigger.png,"Jan 6, 2024 Â· 11:53 PM UTC","Ganjar Pranowo Tokoh Pemimpin yang mampu membawa Indonesia menjadi negara yang lebih makmur

 Ganjar Mahfud Hebat #L3bihbaik #3GM#GanjarMahfud2024 Stasiun"
à°°à°µà°¿à°•à±à°®à°¾à°°à± à°¬à°¿à°²à±à°²à±‡,@2Ckl0LS6RgKmCx9,https://nitter.moomoo.me/pic/abs.twimg.com%2Fsticky%2Fdefault_profile_images%2Fdefault_profile_bigger.png,"Jan 6, 2024 Â· 11:52 PM UTC","Kalo anda punya otak gk akan bicara seperti itu ğŸ™Â 

 Ganjar Mahfud Hebat #L3bihbaik #3GM#GanjarMahfud2024 Tandanya"
sabar setiabudi,@sabar_setiabudi,https://nitter.moomoo.me/pic/profile_images%2F1114888277121589249%2FwQdbyCoI_bigger.jpg,"Jan 6, 2024 Â· 11:52 PM UTC","Pak Ganjar itu pelari maraton SAT SET GESIT

CEKATAN CERDAS TANGKASÂ 

Dari SabangÂ  ke Merauke

Dari Pulau Rote ke Miangas

Tak kenal LELAH Tak kenal TAKUTÂ 

Sedikit bicara banyak bekerja

Jarang di MEJA sering di LAPANGANÂ 

Totalitas nya Pengabdian nya

Tak di ragukan"
Aamir Khan,@AamirKh74989084,https://nitter.moomoo.me/pic/profile_images%2F1071059867618562048%2F3OvMidBm_bigger.jpg,"Jan 6, 2024 Â· 11:52 PM UTC","Ghurem2:Â  veraagustian_ Â  Â  Mantab ğŸ‘Â 

 Ganjar Mahfud Hebat #L3bihbaik #3GM#GanjarMahfud2024 Sambo"
Alihaydar,@AliHaydarr12,https://nitter.moomoo.me/pic/profile_images%2F378800000554300415%2Fe82f3df25c99619530f25f1f1e50aa1b_bigger.jpeg,"Jan 6, 2024 Â· 11:52 PM UTC","Aksi Ganjar Pranowo bersama srimulat mengingatkan kita akan kepentingan keceriaan d kepemimpinan

 Ganjar Mahfud Hebat #L3bihbaik #3GM#GanjarMahfud2024 Kalau Prabowo Gibran"
alex arguelho,@alexarguelho,https://nitter.moomoo.me/pic/profile_images%2F1721294313437450240%2FEdBRBOP2_bigger.png,"Jan 6, 2024 Â· 11:52 PM UTC","Srimulat dan Ganjar Pranowo, kombinasi yang membuat kita percaya bahwa politik bisa lebih riang

 Ganjar Mahfud Hebat #L3bihbaik #3GM#GanjarMahfud2024 Resolusi Indonesia"
Ajitsingh,@Ajitsin18196782,https://nitter.moomoo.me/pic/abs.twimg.com%2Fsticky%2Fdefault_profile_images%2Fdefault_profile_bigger.png,"Jan 6, 2024 Â· 11:51 PM UTC","Mendukung penuh kepada bapak Prof Dr KH Mahfud Md sebagai calon Wakil Presiden Bapak H Ganjar Pranowo3. Bertekad bulat untuk memenangkan pasangan capres-cawapres Ganjar-Mahfud pada pilpres 2024.Â 

 Ganjar Mahfud Hebat #L3bihbaik #3GM#GanjarMahfud2024 Stasiun"
Ajit Sharma,@AjitSha04652778,https://nitter.moomoo.me/pic/profile_images%2F1288607511029805057%2FXmKL943r_bigger.jpg,"Jan 6, 2024 Â· 11:51 PM UTC","Saya jadi cawapres dta bukan menawarkan diri

 Ganjar Mahfud Hebat #L3bihbaik #3GM#GanjarMahfud2024 Kalau Prabowo Gibran"
à°°à°µà°¿à°•à±à°®à°¾à°°à± à°¬à°¿à°²à±à°²à±‡,@2Ckl0LS6RgKmCx9,https://nitter.moomoo.me/pic/abs.twimg.com%2Fsticky%2Fdefault_profile_images%2Fdefault_profile_bigger.png,"Jan 6, 2024 Â· 11:51 PM UTC","hbd mas m semoga jadi anak yg selalu berbakti kepada orang tuaÂ 

 Ganjar Mahfud Hebat #L3bihbaik #3GM#GanjarMahfud2024 Resolusi Indonesia"
Ahmet,@ahmetrecep16,https://nitter.moomoo.me/pic/profile_images%2F1721305177993404416%2Fi1JBLcwl_bigger.png,"Jan 6, 2024 Â· 11:51 PM UTC","Ganjar Pranowo mendapatkan banyak dukungan Â  Â 

 Ganjar Mahfud Hebat #L3bihbaik #3GM#GanjarMahfud2024 Kalau Prabowo Gibran"
Adam Bogart,@AdamBogart12,https://nitter.moomoo.me/pic/profile_images%2F1721324682694246400%2FtWiafTlu_bigger.png,"Jan 6, 2024 Â· 11:51 PM UTC","Ganjar Pranowo mendapatkan banyak dukungan Â  Â 

 Ganjar Mahfud Hebat #L3bihbaik #3GM#GanjarMahfud2024 KM 50"
abuzer seven,@abuzer_seven,https://nitter.moomoo.me/pic/profile_images%2F1721272982457274368%2F3TKOzGTR_bigger.png,"Jan 6, 2024 Â· 11:51 PM UTC","Ganjar Pranowo mendapatkan banyak dukungan Â  Â 

 Ganjar Mahfud Hebat #L3bihbaik #3GM#GanjarMahfud2024 KM 50"
Aamir Khan,@AamirKh74989084,https://nitter.moomoo.me/pic/profile_images%2F1071059867618562048%2F3OvMidBm_bigger.jpg,"Jan 6, 2024 Â· 11:51 PM UTC","Ardiningrum22: Debat Capres Pertama, Ganjar Tegaskan Jaga Demokrasi dan Sikat Korupsi Bengis GPT-4

 Ganjar Mahfud Hebat #L3bihbaik #3GM#GanjarMahfud2024 Stasiun"
LIPUTAN6,@liputan6dotcom,https://nitter.moomoo.me/pic/profile_images%2F1706236803903324160%2FgJo8r9IX_bigger.jpg,"Jan 6, 2024 Â· 11:51 PM UTC","Gandeng Pemuda Desa, Orang Muda Ganjar Revitalisasi Fasilitas Publik untuk Berolahraga dlvr.it/T136F7 #Pemilu"
marwan arisandi,@marwan23101996,https://nitter.moomoo.me/pic/profile_images%2F378800000325435226%2F6cf3a8028410ec8257b20d2f96970506_bigger.png,"Jan 6, 2024 Â· 11:50 PM UTC","Sebagai simbol kesatuan, #JNKBersamaGanjarMahfud meneguhkan bahwa bersama Ganjar Pranowo dan Prof Mahfud, kita mampu menciptakan masa depan yang lebih baik. #JNK"
isabelle luchie,@isabelle_luchie,https://nitter.moomoo.me/pic/profile_images%2F1461089595%2F36257_1520908394902_1600330853_31104181_4045990_n_bigger.jpg,"Jan 6, 2024 Â· 11:50 PM UTC","Sebagai simbol kesatuan, #JNKBersamaGanjarMahfud meneguhkan bahwa bersama Ganjar Pranowo dan Prof Mahfud, kita mampu menciptakan masa depan yang lebih baik. #JNK"
zidanlomans,@ZidanLomans,https://nitter.moomoo.me/pic/profile_images%2F531779214781870082%2Fso_g5bia_bigger.jpeg,"Jan 6, 2024 Â· 11:50 PM UTC","Sebagai simbol kesatuan, #JNKBersamaGanjarMahfud meneguhkan bahwa bersama Ganjar Pranowo dan Prof Mahfud, kita mampu menciptakan masa depan yang lebih baik. #JNK"
James Dizon,@JamesDizon1,https://nitter.moomoo.me/pic/profile_images%2F1734134108%2FFrederick_Lorenzo_Photo_bigger.jpg,"Jan 6, 2024 Â· 11:50 PM UTC","Sebagai simbol kesatuan, #JNKBersamaGanjarMahfud meneguhkan bahwa bersama Ganjar Pranowo dan Prof Mahfud, kita mampu menciptakan masa depan yang lebih baik. #JNK"
martins,@oasdmemartins,https://nitter.moomoo.me/pic/profile_images%2F1735917782431408128%2FY_2KfS_8_bigger.jpg,"Jan 6, 2024 Â· 11:50 PM UTC","Sebagai simbol kesatuan, #JNKBersamaGanjarMahfud meneguhkan bahwa bersama Ganjar Pranowo dan Prof Mahfud, kita mampu menciptakan masa depan yang lebih baik. #JNK"
kasturi,@seharum_kasturi,https://nitter.moomoo.me/pic/profile_images%2F1436441028%2Fbunga-kasturi_bigger.jpg,"Jan 6, 2024 Â· 11:50 PM UTC","Sebagai simbol kesatuan, #JNKBersamaGanjarMahfud meneguhkan bahwa bersama Ganjar Pranowo dan Prof Mahfud, kita mampu menciptakan masa depan yang lebih baik. #JNK"
Dendi Harry,@Thick_Mike9,https://nitter.moomoo.me/pic/profile_images%2F1735914578335367169%2F4jSZpM3c_bigger.jpg,"Jan 6, 2024 Â· 11:50 PM UTC","Sebagai simbol kesatuan, #JNKBersamaGanjarMahfud meneguhkan bahwa bersama Ganjar Pranowo dan Prof Mahfud, kita mampu menciptakan masa depan yang lebih baik. #JNK"
Dini Adinda,@BruniD60992,https://nitter.moomoo.me/pic/profile_images%2F1720440372852142080%2Fz1LPEpc4_bigger.jpg,"Jan 6, 2024 Â· 11:50 PM UTC","Capres Cawapres Ganjar Pranowo dan Mahfud MD, ayo bersama kita bantu nelayan menemukan jalan keluar dari kredit macet. #NelayanKeluar#GanjarPranowoPilihanUmat  #GanjarMahfudRebound #JNK"
jhingga manopo,@manilyn37,https://nitter.moomoo.me/pic/profile_images%2F1734233729256849408%2FJelKn6mz_bigger.jpg,"Jan 6, 2024 Â· 11:50 PM UTC","People Party democracy bukan sekadar pesta, tapi tempat kita semua bersatu buat memilih! Dan bersama-sama kita pilih Ganjar Pranowo. #GanjarMahfudRebound #GanjarPranowoPilihanUmat #JNK"
Basir Ali,@BasirAli88,https://nitter.moomoo.me/pic/profile_images%2F1735524490543804416%2F-yXePyGV_bigger.jpg,"Jan 6, 2024 Â· 11:50 PM UTC","Sebagai simbol kesatuan, #JNKBersamaGanjarMahfud meneguhkan bahwa bersama Ganjar Pranowo dan Prof Mahfud, kita mampu menciptakan masa depan yang lebih baik. #JNK"
TPN Ganjar Mahfud,@TPNGanjarMahfud,https://nitter.moomoo.me/pic/profile_images%2F1714806603571167232%2F13WurFjp_bigger.jpg,"Jan 6, 2024 Â· 11:50 PM UTC","TPN Ungkap Kesiapan Ganjar Jelang Debat Ketiga: Pemahaman Kuat dan Utuh
#GanjarMahfud #GanjarPranowo #GerakCepat #MahfudMD #IndonesiaUnggul #Indonesialebihbaik #GanjarMahfud2024 
detik.com/bali/nusra/d-71280â€¦"
Y.S,@yohannasmart,https://nitter.moomoo.me/pic/profile_images%2F1718732131772354560%2F7otb00X8_bigger.png,"Jan 6, 2024 Â· 11:49 PM UTC","Srimulat dan Ganjar Pranowo, kerjasama yang membuktikan bahwa politik tidak harus selalu serius

 Ganjar Mahfud Hebat #L3bihbaik #3GM#GanjarMahfud2024 KM 50"
Yoni van Kampen,@yonivankampen,https://nitter.moomoo.me/pic/profile_images%2F3647012548%2F0879bc857d0bdf5867597b50248a3b8d_bigger.jpeg,"Jan 6, 2024 Â· 11:49 PM UTC","(kanan),Â  Subianto (tengah) dan Ganjar saat Debat Capres Pilpres 2024

 Ganjar Mahfud Hebat #L3bihbaik #3GM#GanjarMahfud2024 Stasiun"
Y.S,@yohannasmart,https://nitter.moomoo.me/pic/profile_images%2F1718732131772354560%2F7otb00X8_bigger.png,"Jan 6, 2024 Â· 11:48 PM UTC","Ganjar Pranowo membuktikan bahwa kepemimpinan yang tangguh dimulai dari keluarga yang solid

 Ganjar Mahfud Hebat #L3bihbaik #3GM#GanjarMahfud2024 KM 50"
Yoni van Kampen,@yonivankampen,https://nitter.moomoo.me/pic/profile_images%2F3647012548%2F0879bc857d0bdf5867597b50248a3b8d_bigger.jpeg,"Jan 6, 2024 Â· 11:48 PM UTC","Ganjar Pranowo Mahfud MD, pemimpin yang dapat dipercaya, didukung oleh beragam kalangan, Presiden Indonesia 2024

 Ganjar Mahfud Hebat #L3bihbaik #3GM#GanjarMahfud2024 KM 50"
Y.S,@yohannasmart,https://nitter.moomoo.me/pic/profile_images%2F1718732131772354560%2F7otb00X8_bigger.png,"Jan 6, 2024 Â· 11:46 PM UTC","Kita ketuk pintu, kalau bertemu masyarakat

 Ganjar Mahfud Hebat #L3bihbaik #3GM#GanjarMahfud2024 Kalau Prabowo Gibran"
Yoni van Kampen,@yonivankampen,https://nitter.moomoo.me/pic/profile_images%2F3647012548%2F0879bc857d0bdf5867597b50248a3b8d_bigger.jpeg,"Jan 6, 2024 Â· 11:46 PM UTC","Ganjar Pranowo, contoh pemimpin yang bisa menghadirkan kebahagiaan bagi masyarakat Jakarta

 Ganjar Mahfud Hebat #L3bihbaik #3GM#GanjarMahfud2024 Resolusi Indonesia"
mikala leah jackson,@xkalaxbabehx,https://nitter.moomoo.me/pic/profile_images%2F872001005%2Fme_and_prorrrrrsshhaaa_bigger.jpg,"Jan 6, 2024 Ã‚Â· 11:46 PM UTC","Warga Jakarta bersyukur memiliki pemimpin seperti Ganjar Pranowo dan Mahfud MD

 Ganjar Mahfud Hebat #L3bihbaik #3GM#GanjarMahfud2024 Saifu Jamil"
Rani Kancana Ã¢ï¿½Â¤Ã¯Â¸ï¿½ÄŸÅ¸ï¿½Â¶,@RaniKancana,https://nitter.moomoo.me/pic/profile_images%2F1743986537174564864%2FGHi_3O4N_bigger.jpg,"Jan 6, 2024 Ã‚Â· 11:46 PM UTC","Orang sini yg akan pilih Pak Wo, krn emang militan Pak Wo, bukan krn cawapresnya. 

Klo yg milih Ganjar alasannya beragam. Ada yg karena Pak Mahfudnya spt tetanggaku.

 ""orang Jateng gk milih Ganjar yo kebangetan!"" Kata si Om Udin."
Gabriella Gunawan,@Gabriel88675620,https://nitter.moomoo.me/pic/profile_images%2F1554701196497387520%2FW4jpcvoP_bigger.jpg,"Jan 6, 2024 Ã‚Â· 11:46 PM UTC","Pengamat Politik Adi Prayitno Menyatakan Elektabilitas Ganjar Ã¢â‚¬â€œ Mahfud Menguat Usai Blusukan.

Pasutri Gaje Korea Malam Minggu Subuh KASAD Fansite Nancy Pelosi"
Vivek Kumar,@VivekKu57963467,https://nitter.moomoo.me/pic/abs.twimg.com%2Fsticky%2Fdefault_profile_images%2Fdefault_profile_bigger.png,"Jan 6, 2024 Ã‚Â· 11:45 PM UTC","Kebersamaan Ganjar Pranowo dan srimulat adalah contoh positif tentang keakraban di tengah perbedaan

 Ganjar Mahfud Hebat #L3bihbaik #3GM#GanjarMahfud2024 KM 50"
yves roland,@YvesRoland51,https://nitter.moomoo.me/pic/abs.twimg.com%2Fsticky%2Fdefault_profile_images%2Fdefault_profile_bigger.png,"Jan 6, 2024 Ã‚Â· 11:45 PM UTC","Mentri bidang polhukam PresidenÃ‚Â Ã‚Â  Ã‚Â 

 Ganjar Mahfud Hebat #L3bihbaik #3GM#GanjarMahfud2024 Tandanya"
vivian martins,@vyva_martins,https://nitter.moomoo.me/pic/abs.twimg.com%2Fsticky%2Fdefault_profile_images%2Fdefault_profile_bigger.png,"Jan 6, 2024 Ã‚Â· 11:45 PM UTC","Selamat ulang tahun Ã‚Â 

 Ganjar Mahfud Hebat #L3bihbaik #3GM#GanjarMahfud2024 KM 50"
Wayang Kayangan ÄŸÅ¸â€¡Â®ÄŸÅ¸â€¡Â©ÄŸÅ¸â€¡Â®ÄŸÅ¸â€¡Â©ÄŸÅ¸â€¡Â®ÄŸÅ¸â€¡Â©,@wayangkayangan,https://nitter.moomoo.me/pic/profile_images%2F1674780086460088320%2FpliKI49R_bigger.jpg,"Jan 6, 2024 Ã‚Â· 11:45 PM UTC","Semaki banyak kecurangan dan kesewenangan penguasa, semakin kuat tekad rakyat memilih Ganjar Mahfud. Vox populi vox dei. Merdekaaa !!!

#GanjarMahfudM3nang 
#AsalBukanPrabowo 
#GanjarMahfud2024 
#paktelur 
#L3bihBaik"
Y.S,@yohannasmart,https://nitter.moomoo.me/pic/profile_images%2F1718732131772354560%2F7otb00X8_bigger.png,"Jan 6, 2024 Ã‚Â· 11:45 PM UTC","Jangan Golput, letakkan harapan pada Capres No 3 Ganjar Pranowo Mahfud MD

 Ganjar Mahfud Hebat #L3bihbaik #3GM#GanjarMahfud2024 Stasiun"
marwan arisandi,@marwan23101996,https://nitter.moomoo.me/pic/profile_images%2F378800000325435226%2F6cf3a8028410ec8257b20d2f96970506_bigger.png,"Jan 6, 2024 Â· 11:45 PM UTC","Melalui #JNKBersamaGanjarMahfud, tergambar semangat kolektif untuk mendukung perjalanan inspiratif Ganjar Pranowo dan Prof Mahfud dalam mewujudkan perubahan positif. #JNK"
zidanlomans,@ZidanLomans,https://nitter.moomoo.me/pic/profile_images%2F531779214781870082%2Fso_g5bia_bigger.jpeg,"Jan 6, 2024 Â· 11:45 PM UTC","Melalui #JNKBersamaGanjarMahfud, tergambar semangat kolektif untuk mendukung perjalanan inspiratif Ganjar Pranowo dan Prof Mahfud dalam mewujudkan perubahan positif. #JNK"
James Dizon,@JamesDizon1,https://nitter.moomoo.me/pic/profile_images%2F1734134108%2FFrederick_Lorenzo_Photo_bigger.jpg,"Jan 6, 2024 Â· 11:45 PM UTC","Melalui #JNKBersamaGanjarMahfud, tergambar semangat kolektif untuk mendukung perjalanan inspiratif Ganjar Pranowo dan Prof Mahfud dalam mewujudkan perubahan positif. #JNK"
isabelle luchie,@isabelle_luchie,https://nitter.moomoo.me/pic/profile_images%2F1461089595%2F36257_1520908394902_1600330853_31104181_4045990_n_bigger.jpg,"Jan 6, 2024 Â· 11:45 PM UTC","Melalui #JNKBersamaGanjarMahfud, tergambar semangat kolektif untuk mendukung perjalanan inspiratif Ganjar Pranowo dan Prof Mahfud dalam mewujudkan perubahan positif. #JNK"
martins,@oasdmemartins,https://nitter.moomoo.me/pic/profile_images%2F1735917782431408128%2FY_2KfS_8_bigger.jpg,"Jan 6, 2024 Â· 11:45 PM UTC","Melalui #JNKBersamaGanjarMahfud, tergambar semangat kolektif untuk mendukung perjalanan inspiratif Ganjar Pranowo dan Prof Mahfud dalam mewujudkan perubahan positif. #JNK"
kasturi,@seharum_kasturi,https://nitter.moomoo.me/pic/profile_images%2F1436441028%2Fbunga-kasturi_bigger.jpg,"Jan 6, 2024 Â· 11:45 PM UTC","Melalui #JNKBersamaGanjarMahfud, tergambar semangat kolektif untuk mendukung perjalanan inspiratif Ganjar Pranowo dan Prof Mahfud dalam mewujudkan perubahan positif. #JNK"
Dendi Harry,@Thick_Mike9,https://nitter.moomoo.me/pic/profile_images%2F1735914578335367169%2F4jSZpM3c_bigger.jpg,"Jan 6, 2024 Â· 11:45 PM UTC","Melalui #JNKBersamaGanjarMahfud, tergambar semangat kolektif untuk mendukung perjalanan inspiratif Ganjar Pranowo dan Prof Mahfud dalam mewujudkan perubahan positif. #JNK"
jhingga manopo,@manilyn37,https://nitter.moomoo.me/pic/profile_images%2F1734233729256849408%2FJelKn6mz_bigger.jpg,"Jan 6, 2024 Â· 11:45 PM UTC","Countdown to February, karena People Party democracy 2024 bakal jadi moment bersejarah! Mari kita buat sejarah ini lebih indah dengan memilih Ganjar Pranowo. #GanjarMahfudRebound #GanjarPranowoPilihanUmat #JNK"
Dini Adinda,@BruniD60992,https://nitter.moomoo.me/pic/profile_images%2F1720440372852142080%2Fz1LPEpc4_bigger.jpg,"Jan 6, 2024 Â· 11:45 PM UTC","Nelayan tak sendiri melawan kredit macet. Ganjar Pranowo, Mahfud MD, mari bersama kita berikan mereka kekuatan! #NelayanKuat#GanjarPranowoPilihanUmat  #GanjarMahfudRebound #JNK"
Basir Ali,@BasirAli88,https://nitter.moomoo.me/pic/profile_images%2F1735524490543804416%2F-yXePyGV_bigger.jpg,"Jan 6, 2024 Â· 11:45 PM UTC","Melalui #JNKBersamaGanjarMahfud, tergambar semangat kolektif untuk mendukung perjalanan inspiratif Ganjar Pranowo dan Prof Mahfud dalam mewujudkan perubahan positif. #JNK"
Melati Ananda,@MeeelatiAnanda,https://nitter.moomoo.me/pic/profile_images%2F1577548964798160896%2FsFMBzpD7_bigger.jpg,"Jan 6, 2024 Â· 11:44 PM UTC","Ribuan Warga Solo Bersama Gus Ali Gondrong Lantunkan Sholawat Doakan Ganjar Mahfud.

Pasutri Gaje Malam Minggu Korea Subuh KASAD Fansite"
Republika.co.id,@republikaonline,https://nitter.moomoo.me/pic/profile_images%2F1720636723477241856%2Fg3IXuUyS_bigger.jpg,"Jan 6, 2024 Â· 11:44 PM UTC",Capres Ganjar khawatir pemerintahan Jokowi melakukan penyalahgunaan kekuasaan news.republika.co.id/berita/â€¦
Gesuri,@GesuriID,https://nitter.moomoo.me/pic/profile_images%2F935094379638689792%2FY2yHR5kF_bigger.jpg,"Jan 6, 2024 Â· 11:44 PM UTC","Bertemu Dengan Alam Ganjar, Warga Jogja Ini Doakan Pemilu Lancar, Ganjar Pranowo Jadi Presiden gesuri.id/kerakyatan/bertemuâ€¦"
Gesuri,@GesuriID,https://nitter.moomoo.me/pic/profile_images%2F935094379638689792%2FY2yHR5kF_bigger.jpg,"Jan 6, 2024 Â· 11:44 PM UTC","Kepada Warga Desa, Arsjad Rasjid Cerita soal Ganjar yang Tak Mau Lupa Pernah Susah gesuri.id/kerakyatan/kepada-â€¦"
Julia Riyanti Wibowo,@WibowoJulia,https://nitter.moomoo.me/pic/profile_images%2F1555042522895769600%2FLSWsb5aQ_bigger.jpg,"Jan 6, 2024 Â· 11:44 PM UTC","TPN Ganjar â€“ Mahfud Luncurkan 4 Aplikasi : Ganjar Twin AI, GPMMD3, OMG App, Ganjar Mahfud App.

Pasutri Gaje Malam Minggu Korea Subuh Fansite KASAD Jake"
Lynn C,@wildgardener5,https://nitter.moomoo.me/pic/profile_images%2F1721340869939212288%2FqzgmH4Gs_bigger.png,"Jan 6, 2024 Â· 11:43 PM UTC","Pemimpin yang dekat dengan hati rakyat, seperti Ganjar Pranowo, adalah kebanggaan kita

 Ganjar Mahfud Hebat #L3bihbaik #3GM#GanjarMahfud2024 Tandanya"
Vinay duhan,@Vinayduhan48028,https://nitter.moomoo.me/pic/abs.twimg.com%2Fsticky%2Fdefault_profile_images%2Fdefault_profile_bigger.png,"Jan 6, 2024 Â· 11:43 PM UTC","Semakin lucu, menelan ludah sendiri

 Ganjar Mahfud Hebat #L3bihbaik #3GM#GanjarMahfud2024 Resolusi Indonesia"
Kurnia Wahyu Imam,@Kurnia_Wahyu_,https://nitter.moomoo.me/pic/profile_images%2F1580920413290639360%2FW8BSn6Kf_bigger.jpg,"Jan 6, 2024 è·¯ 11:43 PM UTC","Fak 3gp, 3 ganjar pranowo. Masuk akal"
vinod thorat,@vinodth94883221,https://nitter.moomoo.me/pic/profile_images%2F1034103241573724161%2FaOYjHRB9_bigger.jpg,"Jan 6, 2024 è·¯ 11:43 PM UTC","Pak Ganjar Pranowo adalah pemimpin yang sangat terbuka dan dekat dengan rakyat

 Ganjar Mahfud Hebat #L3bihbaik #3GM#GanjarMahfud2024 Saifu Jamil"
vivian martins,@vyva_martins,https://nitter.moomoo.me/pic/abs.twimg.com%2Fsticky%2Fdefault_profile_images%2Fdefault_profile_bigger.png,"Jan 6, 2024 è·¯ 11:42 PM UTC","Kebersamaan keluarga Ganjar Pranowo adalah sumber kekuatan dan inspirasi

 Ganjar Mahfud Hebat #L3bihbaik #3GM#GanjarMahfud2024 Tandanya"
Wit With Wish,@wittayagolde,https://nitter.moomoo.me/pic/abs.twimg.com%2Fsticky%2Fdefault_profile_images%2Fdefault_profile_bigger.png,"Jan 6, 2024 è·¯ 11:42 PM UTC","Mahfud MD dan Ganjar Pranowo adalah pasangan yang mampu menyelipkan tawa di antara berbagai isu serius d politik

 Ganjar Mahfud Hebat #L3bihbaik #3GM#GanjarMahfud2024 KM 50"
vinod thorat,@vinodth94883221,https://nitter.moomoo.me/pic/profile_images%2F1034103241573724161%2FaOYjHRB9_bigger.jpg,"Jan 6, 2024 è·¯ 11:42 PM UTC","Dukungan warga DKI Jakarta untuk Mas Ganjar Pranowo dan Pak Mahfud MD mencerminkan harapan akan perubahan positif d arah kepemimpinan nasional

 Ganjar Mahfud Hebat #L3bihbaik #3GM#GanjarMahfud2024 Resolusi Indonesia"
vivian martins,@vyva_martins,https://nitter.moomoo.me/pic/abs.twimg.com%2Fsticky%2Fdefault_profile_images%2Fdefault_profile_bigger.png,"Jan 6, 2024 Ã‚Â· 11:41 PM UTC","Pak Ganjar Pranowo, semangat perjuanganmu adalah inspirasi bagi kita semua

 Ganjar Mahfud Hebat #L3bihbaik #3GM#GanjarMahfud2024 Kalau Prabowo Gibran"
Wayang Kayangan Ã°Å¸â€¡Â®Ã°Å¸â€¡Â©Ã°Å¸â€¡Â®Ã°Å¸â€¡Â©Ã°Å¸â€¡Â®Ã°Å¸â€¡Â©,@wayangkayangan,https://nitter.moomoo.me/pic/profile_images%2F1674780086460088320%2FpliKI49R_bigger.jpg,"Jan 6, 2024 Ã‚Â· 11:40 PM UTC","Rakyat semakin kuat tekadnya untuk bersama Ganjar Mahfud karena semakin banyak melihat kecurangan dan kesewenangan penguasa beserta paslon dukungannya. Vox populi vox dei. 

#AsalBukan02 
#GanjarMahfudM3nang 
#GanjarMahfud2024 
#paktelur 
#L3bihBaik"
Vinay duhan,@Vinayduhan48028,https://nitter.moomoo.me/pic/abs.twimg.com%2Fsticky%2Fdefault_profile_images%2Fdefault_profile_bigger.png,"Jan 6, 2024 Ã‚Â· 11:40 PM UTC","sthevannys_Ã‚Â  Ã‚Â  haduh kalo yg soal permukaannya juga gak paham gimana mau beresin masalah yg ada?Ã‚Â 

 Ganjar Mahfud Hebat #L3bihbaik #3GM#GanjarMahfud2024 Stasiun"
vinod thorat,@vinodth94883221,https://nitter.moomoo.me/pic/profile_images%2F1034103241573724161%2FaOYjHRB9_bigger.jpg,"Jan 6, 2024 Ã‚Â· 11:40 PM UTC","Barokallah umurnya masÃ‚Â  semoga sehat selalu dan lancar segala urusannyaÃ‚Â 

 Ganjar Mahfud Hebat #L3bihbaik #3GM#GanjarMahfud2024 Saifu Jamil"
marwan arisandi,@marwan23101996,https://nitter.moomoo.me/pic/profile_images%2F378800000325435226%2F6cf3a8028410ec8257b20d2f96970506_bigger.png,"Jan 6, 2024 Â· 11:40 PM UTC","Dalam kebersamaan #JNKBersamaGanjarMahfud, setiap individu turut berperan dalam membangun fondasi kuat untuk kesuksesan pasangan Ganjar Pranowo dan Prof Mahfud. #JNK"
zidanlomans,@ZidanLomans,https://nitter.moomoo.me/pic/profile_images%2F531779214781870082%2Fso_g5bia_bigger.jpeg,"Jan 6, 2024 Â· 11:40 PM UTC","Dalam kebersamaan #JNKBersamaGanjarMahfud, setiap individu turut berperan dalam membangun fondasi kuat untuk kesuksesan pasangan Ganjar Pranowo dan Prof Mahfud. #JNK"
James Dizon,@JamesDizon1,https://nitter.moomoo.me/pic/profile_images%2F1734134108%2FFrederick_Lorenzo_Photo_bigger.jpg,"Jan 6, 2024 Â· 11:40 PM UTC","Dalam kebersamaan #JNKBersamaGanjarMahfud, setiap individu turut berperan dalam membangun fondasi kuat untuk kesuksesan pasangan Ganjar Pranowo dan Prof Mahfud. #JNK"
isabelle luchie,@isabelle_luchie,https://nitter.moomoo.me/pic/profile_images%2F1461089595%2F36257_1520908394902_1600330853_31104181_4045990_n_bigger.jpg,"Jan 6, 2024 Â· 11:40 PM UTC","Dalam kebersamaan #JNKBersamaGanjarMahfud, setiap individu turut berperan dalam membangun fondasi kuat untuk kesuksesan pasangan Ganjar Pranowo dan Prof Mahfud. #JNK"
kasturi,@seharum_kasturi,https://nitter.moomoo.me/pic/profile_images%2F1436441028%2Fbunga-kasturi_bigger.jpg,"Jan 6, 2024 Â· 11:40 PM UTC","Dalam kebersamaan #JNKBersamaGanjarMahfud, setiap individu turut berperan dalam membangun fondasi kuat untuk kesuksesan pasangan Ganjar Pranowo dan Prof Mahfud. #JNK"
martins,@oasdmemartins,https://nitter.moomoo.me/pic/profile_images%2F1735917782431408128%2FY_2KfS_8_bigger.jpg,"Jan 6, 2024 Â· 11:40 PM UTC","Dalam kebersamaan #JNKBersamaGanjarMahfud, setiap individu turut berperan dalam membangun fondasi kuat untuk kesuksesan pasangan Ganjar Pranowo dan Prof Mahfud. #JNK"
Dendi Harry,@Thick_Mike9,https://nitter.moomoo.me/pic/profile_images%2F1735914578335367169%2F4jSZpM3c_bigger.jpg,"Jan 6, 2024 Â· 11:40 PM UTC","Dalam kebersamaan #JNKBersamaGanjarMahfud, setiap individu turut berperan dalam membangun fondasi kuat untuk kesuksesan pasangan Ganjar Pranowo dan Prof Mahfud. #JNK"
Dini Adinda,@BruniD60992,https://nitter.moomoo.me/pic/profile_images%2F1720440372852142080%2Fz1LPEpc4_bigger.jpg,"Jan 6, 2024 Â· 11:40 PM UTC","Capres Cawapres Ganjar Pranowo dan Mahfud MD, mari bersama kita buka jalan bagi nelayan yang terjebak kredit macet. #NelayanBukaJalan#GanjarPranowoPilihanUmat  #GanjarMahfudRebound #JNK"
Basir Ali,@BasirAli88,https://nitter.moomoo.me/pic/profile_images%2F1735524490543804416%2F-yXePyGV_bigger.jpg,"Jan 6, 2024 Â· 11:40 PM UTC","Dalam kebersamaan #JNKBersamaGanjarMahfud, setiap individu turut berperan dalam membangun fondasi kuat untuk kesuksesan pasangan Ganjar Pranowo dan Prof Mahfud. #JNK"
jhingga manopo,@manilyn37,https://nitter.moomoo.me/pic/profile_images%2F1734233729256849408%2FJelKn6mz_bigger.jpg,"Jan 6, 2024 Â· 11:40 PM UTC","People Party democracy 2024, bulan depan, karena demokrasi itu penting, bro! Ayo, kita jaga pentingnya demokrasi dengan memilih Ganjar Pranowo. #GanjarMahfudRebound #GanjarPranowoPilihanUmat #JNK"
TPN Ganjar Mahfud,@TPNGanjarMahfud,https://nitter.moomoo.me/pic/profile_images%2F1714806603571167232%2F13WurFjp_bigger.jpg,"Jan 6, 2024 Â· 11:40 PM UTC","Ganjarkeun Jabar Kolaborasi dengan Relawan PTT, Blusukan dan Gelar Sembako Murah di Bogor
#GanjarMahfud #GanjarPranowo #GerakCepat #MahfudMD #IndonesiaUnggul #Indonesialebihbaik #GanjarMahfud2024 
daerah.sindonews.com/read/12â€¦"
Vicky-S,@VickyShi6164,https://nitter.moomoo.me/pic/profile_images%2F3044595925%2Fafd0616cf50d0a233aa5208ff683ab11_bigger.jpeg,"Jan 6, 2024 Â· 11:39 PM UTC","Ganjar Pranowo dan Mahfud MD, pasangan yang membawa warna baru ke politik Indonesia

 Ganjar Mahfud Hebat #L3bihbaik #3GM#GanjarMahfud2024 Stasiun"
@Mbok_Srintil,@Andria75777,https://nitter.moomoo.me/pic/profile_images%2F1732532476558643200%2FCrJrokeq_bigger.jpg,"Jan 6, 2024 Â· 11:38 PM UTC",NGERI NGERI SEDAP KUBU GANJAR PDIP MENEMUI ANIES AMIN ....???
Vikas Saini,@VikasSa17241532,https://nitter.moomoo.me/pic/profile_images%2F1296527928289660928%2F-nk-xpp2_bigger.jpg,"Jan 6, 2024 Â· 11:38 PM UTC","memang number one dilihat sisi akademisi y okeÂ 

 Ganjar Mahfud Hebat #L3bihbaik #3GM#GanjarMahfud2024 Saifu Jamil"
Veronica,@vero_pagan21,https://nitter.moomoo.me/pic/profile_images%2F855030346928320512%2FE2CnTZFU_bigger.jpg,"Jan 6, 2024 Â· 11:38 PM UTC","Srimulat dan Ganjar Pranowo, paduan yang menarik, membuktikan bahwa politik bisa menjadi panggung kebahagiaan

 Ganjar Mahfud Hebat #L3bihbaik #3GM#GanjarMahfud2024 KM 50"
Veronica,@vero_pagan21,https://nitter.moomoo.me/pic/profile_images%2F855030346928320512%2FE2CnTZFU_bigger.jpg,"Jan 6, 2024 Â· 11:36 PM UTC","Pak Ganjar Pranowo dan Mahfud MD, pasangan yang cocok untuk membawa Jakarta ke arah kemajuan

 Ganjar Mahfud Hebat #L3bihbaik #3GM#GanjarMahfud2024 Resolusi Indonesia"
Vicky-S,@VickyShi6164,https://nitter.moomoo.me/pic/profile_images%2F3044595925%2Fafd0616cf50d0a233aa5208ff683ab11_bigger.jpeg,"Jan 6, 2024 Â· 11:36 PM UTC","Paltiwest x

 Ganjar Mahfud Hebat #L3bihbaik #3GM#GanjarMahfud2024 Tandanya"
Veronica,@vero_pagan21,https://nitter.moomoo.me/pic/profile_images%2F855030346928320512%2FE2CnTZFU_bigger.jpg,"Jan 6, 2024 Â· 11:35 PM UTC","Mahfud MD dan Ganjar Pranowo menunjukkan bahwa keceriaan adalah kunci untuk mendekatkan diri pada rakyat

 Ganjar Mahfud Hebat #L3bihbaik #3GM#GanjarMahfud2024 KM 50"
marwan arisandi,@marwan23101996,https://nitter.moomoo.me/pic/profile_images%2F378800000325435226%2F6cf3a8028410ec8257b20d2f96970506_bigger.png,"Jan 6, 2024 Â· 11:35 PM UTC",Setiap aksi dalam #JNKBersamaGanjarMahfud adalah langkah konkret untuk menguatkan langkah Ganjar Pranowo dan Prof Mahfud dalam menjalankan amanahnya. #JNK
zidanlomans,@ZidanLomans,https://nitter.moomoo.me/pic/profile_images%2F531779214781870082%2Fso_g5bia_bigger.jpeg,"Jan 6, 2024 Â· 11:35 PM UTC",Setiap aksi dalam #JNKBersamaGanjarMahfud adalah langkah konkret untuk menguatkan langkah Ganjar Pranowo dan Prof Mahfud dalam menjalankan amanahnya. #JNK
James Dizon,@JamesDizon1,https://nitter.moomoo.me/pic/profile_images%2F1734134108%2FFrederick_Lorenzo_Photo_bigger.jpg,"Jan 6, 2024 Â· 11:35 PM UTC",Setiap aksi dalam #JNKBersamaGanjarMahfud adalah langkah konkret untuk menguatkan langkah Ganjar Pranowo dan Prof Mahfud dalam menjalankan amanahnya. #JNK
isabelle luchie,@isabelle_luchie,https://nitter.moomoo.me/pic/profile_images%2F1461089595%2F36257_1520908394902_1600330853_31104181_4045990_n_bigger.jpg,"Jan 6, 2024 Â· 11:35 PM UTC",Setiap aksi dalam #JNKBersamaGanjarMahfud adalah langkah konkret untuk menguatkan langkah Ganjar Pranowo dan Prof Mahfud dalam menjalankan amanahnya. #JNK
martins,@oasdmemartins,https://nitter.moomoo.me/pic/profile_images%2F1735917782431408128%2FY_2KfS_8_bigger.jpg,"Jan 6, 2024 Â· 11:35 PM UTC",Setiap aksi dalam #JNKBersamaGanjarMahfud adalah langkah konkret untuk menguatkan langkah Ganjar Pranowo dan Prof Mahfud dalam menjalankan amanahnya. #JNK
kasturi,@seharum_kasturi,https://nitter.moomoo.me/pic/profile_images%2F1436441028%2Fbunga-kasturi_bigger.jpg,"Jan 6, 2024 Â· 11:35 PM UTC",Setiap aksi dalam #JNKBersamaGanjarMahfud adalah langkah konkret untuk menguatkan langkah Ganjar Pranowo dan Prof Mahfud dalam menjalankan amanahnya. #JNK
Dendi Harry,@Thick_Mike9,https://nitter.moomoo.me/pic/profile_images%2F1735914578335367169%2F4jSZpM3c_bigger.jpg,"Jan 6, 2024 Â· 11:35 PM UTC",Setiap aksi dalam #JNKBersamaGanjarMahfud adalah langkah konkret untuk menguatkan langkah Ganjar Pranowo dan Prof Mahfud dalam menjalankan amanahnya. #JNK
Dini Adinda,@BruniD60992,https://nitter.moomoo.me/pic/profile_images%2F1720440372852142080%2Fz1LPEpc4_bigger.jpg,"Jan 6, 2024 Â· 11:35 PM UTC","Nelayan butuh solusi, Ganjar Pranowo, Mahfud MD, yuk bersama kita lakukan sesuatu. Jangan biarkan kredit macet jadi bumerang! #NelayanAksi#GanjarPranowoPilihanUmat  #GanjarMahfudRebound #JNK"
Basir Ali,@BasirAli88,https://nitter.moomoo.me/pic/profile_images%2F1735524490543804416%2F-yXePyGV_bigger.jpg,"Jan 6, 2024 Â· 11:35 PM UTC",Setiap aksi dalam #JNKBersamaGanjarMahfud adalah langkah konkret untuk menguatkan langkah Ganjar Pranowo dan Prof Mahfud dalam menjalankan amanahnya. #JNK
jhingga manopo,@manilyn37,https://nitter.moomoo.me/pic/profile_images%2F1734233729256849408%2FJelKn6mz_bigger.jpg,"Jan 6, 2024 Â· 11:35 PM UTC","Bulan depan, People Party democracy bakal ngasih kita kesempatan buat make a difference! Jadi, yuk kita make a difference dengan memilih Ganjar Pranowo. #GanjarMahfudRebound #GanjarPranowoPilihanUmat #JNK"
Wayang Kayangan ğŸ‡®ğŸ‡©ğŸ‡®ğŸ‡©ğŸ‡®ğŸ‡©,@wayangkayangan,https://nitter.moomoo.me/pic/profile_images%2F1674780086460088320%2FpliKI49R_bigger.jpg,"Jan 6, 2024 Â· 11:34 PM UTC","Kurawa itu seratus orang, Pandawa itu 5 orang. Pandawa pemenang Barat Yudha. Vox populi vox dei. Ganjar Mahmud pilihan rakyat. Merdekaaa !!!

#GanjarMahfudM3nang 
#GanjarMahfud2024 
#AsalBukanPrabowo 
#paktelur 
#L3bihBaik"
é„§æ™ºæµ©,@tangchiho2011,https://nitter.moomoo.me/pic/profile_images%2F1721340956102832128%2F66xKUDxm_bigger.png,"Jan 6, 2024 Â· 11:33 PM UTC","Ganjar Pranowo berhasil menarik perhatian dengan keceriaannya bersama srimulat

 Ganjar Mahfud Hebat #L3bihbaik #3GM#GanjarMahfud2024 KM 50"
sabar setiabudi,@sabar_setiabudi,https://nitter.moomoo.me/pic/profile_images%2F1114888277121589249%2FwQdbyCoI_bigger.jpg,"Jan 6, 2024 Â· 11:32 PM UTC","Pak Ganjar itu pelari maraton SAT SET GESIT

CEKATAN CERDAS TANGKASÂ 

Dari SabangÂ  ke Merauke

Dari Pulau Rote ke Miangas

Tak kenal LELAH Tak kenal TAKUTÂ 

Sedikit bicara banyak bekerja

Jarang di MEJA sering di LAPANGANÂ 

Totalitas nya Pengabdian nya

Tak di ragukan"
é„§æ™ºæµ©,@tangchiho2011,https://nitter.moomoo.me/pic/profile_images%2F1721340956102832128%2F66xKUDxm_bigger.png,"Jan 6, 2024 Â· 11:31 PM UTC","Kebersamaan Ganjar Pranowo dengan srimulat menunjukkan bahwa beliau adalah pemimpin yang bersahaja

 Ganjar Mahfud Hebat #L3bihbaik #3GM#GanjarMahfud2024 Resolusi Indonesia"
bdxbgr,@tamharadtya2,https://nitter.moomoo.me/pic/profile_images%2F378800000406305204%2Fb5da49cc8f08c10008b101ecf29b6b00_bigger.jpeg,"Jan 6, 2024 Â· 11:31 PM UTC","Gimana si pak ganjar pranowo

 Ganjar Mahfud Hebat #L3bihbaik #3GM#GanjarMahfud2024 KM 50"
tamer shtnawi,@TamerShtnawi,https://nitter.moomoo.me/pic/profile_images%2F378800000682089527%2F6f42b1cb63bc7bb891bfca2ce637c2c7_bigger.jpeg,"Jan 6, 2024 Â· 11:31 PM UTC","Warga Jakarta bersyukur memiliki pemimpin seperti Ganjar Pranowo dan Mahfud MD

 Ganjar Mahfud Hebat #L3bihbaik #3GM#GanjarMahfud2024 Tandanya"
ttttt,@tapiajerry25,https://nitter.moomoo.me/pic/profile_images%2F1721307771851661312%2FD1ukxXxK_bigger.png,"Jan 6, 2024 Â· 11:30 PM UTC","Ganjar Pranowo dan Mahfud MD, duo yang membuat kita yakin bahwa politik bisa lebih ceria

 Ganjar Mahfud Hebat #L3bihbaik #3GM#GanjarMahfud2024 Tandanya"
tanya seyfert,@tanyaseyfert,https://nitter.moomoo.me/pic/abs.twimg.com%2Fsticky%2Fdefault_profile_images%2Fdefault_profile_bigger.png,"Jan 6, 2024 Â· 11:30 PM UTC","Kebersamaan Ganjar Pranowo dengan keluarganya adalah bukti bahwa pemimpin yang baik adalah mereka yang dapat menjadi teladan di segala situasi

 Ganjar Mahfud Hebat #L3bihbaik #3GM#GanjarMahfud2024 Saifu Jamil"
Dendi Harry,@Thick_Mike9,https://nitter.moomoo.me/pic/profile_images%2F1735914578335367169%2F4jSZpM3c_bigger.jpg,"Jan 6, 2024 Â· 11:30 PM UTC","Simbol kekompakan, #JNKBersamaGanjarMahfud mengilhami masyarakat untuk bersatu mendukung perjalanan luar biasa Ganjar Pranowo dan Prof Mahfud. #JNK"
isabelle luchie,@isabelle_luchie,https://nitter.moomoo.me/pic/profile_images%2F1461089595%2F36257_1520908394902_1600330853_31104181_4045990_n_bigger.jpg,"Jan 6, 2024 Â· 11:30 PM UTC","Simbol kekompakan, #JNKBersamaGanjarMahfud mengilhami masyarakat untuk bersatu mendukung perjalanan luar biasa Ganjar Pranowo dan Prof Mahfud. #JNK"
Basir Ali,@BasirAli88,https://nitter.moomoo.me/pic/profile_images%2F1735524490543804416%2F-yXePyGV_bigger.jpg,"Jan 6, 2024 Â· 11:30 PM UTC","Simbol kekompakan, #JNKBersamaGanjarMahfud mengilhami masyarakat untuk bersatu mendukung perjalanan luar biasa Ganjar Pranowo dan Prof Mahfud. #JNK"
martins,@oasdmemartins,https://nitter.moomoo.me/pic/profile_images%2F1735917782431408128%2FY_2KfS_8_bigger.jpg,"Jan 6, 2024 Â· 11:30 PM UTC","Simbol kekompakan, #JNKBersamaGanjarMahfud mengilhami masyarakat untuk bersatu mendukung perjalanan luar biasa Ganjar Pranowo dan Prof Mahfud. #JNK"
marwan arisandi,@marwan23101996,https://nitter.moomoo.me/pic/profile_images%2F378800000325435226%2F6cf3a8028410ec8257b20d2f96970506_bigger.png,"Jan 6, 2024 Â· 11:30 PM UTC","Simbol kekompakan, #JNKBersamaGanjarMahfud mengilhami masyarakat untuk bersatu mendukung perjalanan luar biasa Ganjar Pranowo dan Prof Mahfud. #JNK"
zidanlomans,@ZidanLomans,https://nitter.moomoo.me/pic/profile_images%2F531779214781870082%2Fso_g5bia_bigger.jpeg,"Jan 6, 2024 Â· 11:30 PM UTC","Simbol kekompakan, #JNKBersamaGanjarMahfud mengilhami masyarakat untuk bersatu mendukung perjalanan luar biasa Ganjar Pranowo dan Prof Mahfud. #JNK"
kasturi,@seharum_kasturi,https://nitter.moomoo.me/pic/profile_images%2F1436441028%2Fbunga-kasturi_bigger.jpg,"Jan 6, 2024 Â· 11:30 PM UTC","Simbol kekompakan, #JNKBersamaGanjarMahfud mengilhami masyarakat untuk bersatu mendukung perjalanan luar biasa Ganjar Pranowo dan Prof Mahfud. #JNK"
Dini Adinda,@BruniD60992,https://nitter.moomoo.me/pic/profile_images%2F1720440372852142080%2Fz1LPEpc4_bigger.jpg,"Jan 6, 2024 Â· 11:30 PM UTC","Capres Cawapres Ganjar Pranowo dan Mahfud MD, ayo bersama kita bantu nelayan menghadapi kredit macet dengan hati penuh kasih sayang! #NelayanBantuanKasih#GanjarPranowoPilihanUmat  #GanjarMahfudRebound #JNK"
James Dizon,@JamesDizon1,https://nitter.moomoo.me/pic/profile_images%2F1734134108%2FFrederick_Lorenzo_Photo_bigger.jpg,"Jan 6, 2024 Â· 11:30 PM UTC","Simbol kekompakan, #JNKBersamaGanjarMahfud mengilhami masyarakat untuk bersatu mendukung perjalanan luar biasa Ganjar Pranowo dan Prof Mahfud. #JNK"
jhingga manopo,@manilyn37,https://nitter.moomoo.me/pic/profile_images%2F1734233729256849408%2FJelKn6mz_bigger.jpg,"Jan 6, 2024 Â· 11:30 PM UTC","Februari bakal seru banget, gue yakin People Party democracy 2024 jadi highlight-nya! Dan kita bisa bikin highlight itu lebih meriah dengan memilih Ganjar Pranowo. #GanjarMahfudRebound #GanjarPranowoPilihanUmat #JNK"
bdxbgr,@tamharadtya2,https://nitter.moomoo.me/pic/profile_images%2F378800000406305204%2Fb5da49cc8f08c10008b101ecf29b6b00_bigger.jpeg,"Jan 6, 2024 Â· 11:30 PM UTC","Mantap pak Ganjar-Mahfud, gass pollll

 Ganjar Mahfud Hebat #L3bihbaik #3GM#GanjarMahfud2024 Kalau Prabowo Gibran"
TPN Ganjar Mahfud,@TPNGanjarMahfud,https://nitter.moomoo.me/pic/profile_images%2F1714806603571167232%2F13WurFjp_bigger.jpg,"Jan 6, 2024 Â· 11:30 PM UTC","Tangkal Isu Negatif, TPN Ganjar-MahfudÂ Pakai Kecerdasan Artifisial
#GanjarMahfud #GanjarPranowo #GerakCepat #MahfudMD #IndonesiaUnggul #Indonesialebihbaik #GanjarMahfud2024 
idntimes.com/news/indonesia/â€¦"
ttttt,@tapiajerry25,https://nitter.moomoo.me/pic/profile_images%2F1721307771851661312%2FD1ukxXxK_bigger.png,"Jan 6, 2024 Â· 11:28 PM UTC","Ganjar Pranowo dan Mahfud MD, tim yang bisa membawa Indonesia ke puncak kebahagiaan

 Ganjar Mahfud Hebat #L3bihbaik #3GM#GanjarMahfud2024 KM 50"
tanya seyfert,@tanyaseyfert,https://nitter.moomoo.me/pic/abs.twimg.com%2Fsticky%2Fdefault_profile_images%2Fdefault_profile_bigger.png,"Jan 6, 2024 Â· 11:28 PM UTC","Pemimpin , Ganjar Pranowo Mahfud MD, bawa perubahan positif melalui kepemimpinan yang cerdas

 Ganjar Mahfud Hebat #L3bihbaik #3GM#GanjarMahfud2024 Kalau Prabowo Gibran"
é„§æ™ºæµ©,@tangchiho2011,https://nitter.moomoo.me/pic/profile_images%2F1721340956102832128%2F66xKUDxm_bigger.png,"Jan 6, 2024 Â· 11:28 PM UTC","Corporate_Slav3Â  Â  cakOWÂ  Â  mohmahfudmd Bujur kada bengkokÂ 

 Ganjar Mahfud Hebat #L3bihbaik #3GM#GanjarMahfud2024 Kalau Prabowo Gibran"
bdxbgr,@tamharadtya2,https://nitter.moomoo.me/pic/profile_images%2F378800000406305204%2Fb5da49cc8f08c10008b101ecf29b6b00_bigger.jpeg,"Jan 6, 2024 Â· 11:28 PM UTC","asditangerang: Yuk bersama Pasangan Capres-cawapres Nomor Urut 3 Ganjar Mahfud kita raih Indonesia Unggul Menuju Indonesia Emas KerjaB3rsamaGanjarÂ 

 Ganjar Mahfud Hebat #L3bihbaik #3GM#GanjarMahfud2024 KM 50"
surya,@surya0047932386,https://nitter.moomoo.me/pic/abs.twimg.com%2Fsticky%2Fdefault_profile_images%2Fdefault_profile_bigger.png,"Jan 6, 2024 Â· 11:28 PM UTC","DodoSyuhadaÂ  Aroemm_Â  Gojekmilitan Yang menang ganjar pranowo, bukan siÂ 

 Ganjar Mahfud Hebat #L3bihbaik #3GM#GanjarMahfud2024 KM 50"
surya,@surya0047932386,https://nitter.moomoo.me/pic/abs.twimg.com%2Fsticky%2Fdefault_profile_images%2Fdefault_profile_bigger.png,"Jan 6, 2024 Ã‚Â· 11:25 PM UTC","Srimulat dan Ganjar Pranowo, kolaborasi yang unik tapi berhasil menciptakan kebahagiaan

 Ganjar Mahfud Hebat #L3bihbaik #3GM#GanjarMahfud2024 Kalau Prabowo Gibran"
surinder singh,@singh_surindr,https://nitter.moomoo.me/pic/abs.twimg.com%2Fsticky%2Fdefault_profile_images%2Fdefault_profile_bigger.png,"Jan 6, 2024 Ã‚Â· 11:25 PM UTC","Fokus pada pencapaian positif Pak Ganjar Pranowo d memimpin Jawa Timur

 Ganjar Mahfud Hebat #L3bihbaik #3GM#GanjarMahfud2024 Tandanya"
marwan arisandi,@marwan23101996,https://nitter.moomoo.me/pic/profile_images%2F378800000325435226%2F6cf3a8028410ec8257b20d2f96970506_bigger.png,"Jan 6, 2024 Â· 11:25 PM UTC","Dukungan tanpa batas terhadap #JNKBersamaGanjarMahfud menunjukkan kepercayaan pada kemampuan dan visi pasangan unggul, Ganjar Pranowo dan Prof Mahfud. #JNK"
zidanlomans,@ZidanLomans,https://nitter.moomoo.me/pic/profile_images%2F531779214781870082%2Fso_g5bia_bigger.jpeg,"Jan 6, 2024 Â· 11:25 PM UTC","Dukungan tanpa batas terhadap #JNKBersamaGanjarMahfud menunjukkan kepercayaan pada kemampuan dan visi pasangan unggul, Ganjar Pranowo dan Prof Mahfud. #JNK"
James Dizon,@JamesDizon1,https://nitter.moomoo.me/pic/profile_images%2F1734134108%2FFrederick_Lorenzo_Photo_bigger.jpg,"Jan 6, 2024 Â· 11:25 PM UTC","Dukungan tanpa batas terhadap #JNKBersamaGanjarMahfud menunjukkan kepercayaan pada kemampuan dan visi pasangan unggul, Ganjar Pranowo dan Prof Mahfud. #JNK"
isabelle luchie,@isabelle_luchie,https://nitter.moomoo.me/pic/profile_images%2F1461089595%2F36257_1520908394902_1600330853_31104181_4045990_n_bigger.jpg,"Jan 6, 2024 Â· 11:25 PM UTC","Dukungan tanpa batas terhadap #JNKBersamaGanjarMahfud menunjukkan kepercayaan pada kemampuan dan visi pasangan unggul, Ganjar Pranowo dan Prof Mahfud. #JNK"
martins,@oasdmemartins,https://nitter.moomoo.me/pic/profile_images%2F1735917782431408128%2FY_2KfS_8_bigger.jpg,"Jan 6, 2024 Â· 11:25 PM UTC","Dukungan tanpa batas terhadap #JNKBersamaGanjarMahfud menunjukkan kepercayaan pada kemampuan dan visi pasangan unggul, Ganjar Pranowo dan Prof Mahfud. #JNK"
Dendi Harry,@Thick_Mike9,https://nitter.moomoo.me/pic/profile_images%2F1735914578335367169%2F4jSZpM3c_bigger.jpg,"Jan 6, 2024 Â· 11:25 PM UTC","Dukungan tanpa batas terhadap #JNKBersamaGanjarMahfud menunjukkan kepercayaan pada kemampuan dan visi pasangan unggul, Ganjar Pranowo dan Prof Mahfud. #JNK"
kasturi,@seharum_kasturi,https://nitter.moomoo.me/pic/profile_images%2F1436441028%2Fbunga-kasturi_bigger.jpg,"Jan 6, 2024 Â· 11:25 PM UTC","Dukungan tanpa batas terhadap #JNKBersamaGanjarMahfud menunjukkan kepercayaan pada kemampuan dan visi pasangan unggul, Ganjar Pranowo dan Prof Mahfud. #JNK"
Dini Adinda,@BruniD60992,https://nitter.moomoo.me/pic/profile_images%2F1720440372852142080%2Fz1LPEpc4_bigger.jpg,"Jan 6, 2024 Â· 11:25 PM UTC","Nelayan butuh dukungan, Ganjar Pranowo, Mahfud MD, ayo kita bersama menjadi sandaran bagi mereka. #NelayanDukungan#GanjarPranowoPilihanUmat  #GanjarMahfudRebound #JNK"
Basir Ali,@BasirAli88,https://nitter.moomoo.me/pic/profile_images%2F1735524490543804416%2F-yXePyGV_bigger.jpg,"Jan 6, 2024 Â· 11:25 PM UTC","Dukungan tanpa batas terhadap #JNKBersamaGanjarMahfud menunjukkan kepercayaan pada kemampuan dan visi pasangan unggul, Ganjar Pranowo dan Prof Mahfud. #JNK"
jhingga manopo,@manilyn37,https://nitter.moomoo.me/pic/profile_images%2F1734233729256849408%2FJelKn6mz_bigger.jpg,"Jan 6, 2024 Â· 11:25 PM UTC","People Party democracy 2024, bulan depan, kita rame-rame nyoblos buat masa depan! Yuk, kita rame-rame juga mendukung Ganjar Pranowo buat Presiden. #GanjarMahfudRebound #GanjarPranowoPilihanUmat #JNK"
SJAS,@Semende18,https://nitter.moomoo.me/pic/profile_images%2F1720346087150755840%2FWIk6ak8t_bigger.jpg,"Jan 6, 2024 Ã‚Â· 11:24 PM UTC",Pilih pak Ganjar di TPS pada 14 Februari
Soltan Ahmad,@Soltanahmad2,https://nitter.moomoo.me/pic/abs.twimg.com%2Fsticky%2Fdefault_profile_images%2Fdefault_profile_bigger.png,"Jan 6, 2024 Ã‚Â· 11:23 PM UTC","KPU RI telah menerima pendaftaran tiga bakal pasangan capres-cawapres, yakni Ã‚Â  - Iskandar, Ganjar Pranowo-Mahfud MD, danÃ‚Â  Subianto- Rakabuming Raka

 Ganjar Mahfud Hebat #L3bihbaik #3GM#GanjarMahfud2024 Sambo"
âœ¨â­ï¸shalomâ­ï¸âœ¨,@ShalomLoreto,https://nitter.moomoo.me/pic/profile_images%2F1277511166030307329%2FwBPrawRc_bigger.jpg,"Jan 6, 2024 Â· 11:22 PM UTC","selamat ulang tahun buat masÂ  , semoga tambah sukses d bidang apapun dan semangat terus berkarya !Â 

 Ganjar Mahfud Hebat #L3bihbaik #3GM#GanjarMahfud2024 Kalau Prabowo Gibran"
surinder singh,@singh_surindr,https://nitter.moomoo.me/pic/abs.twimg.com%2Fsticky%2Fdefault_profile_images%2Fdefault_profile_bigger.png,"Jan 6, 2024 Â· 11:22 PM UTC","Ganjar Pranowo, perjalanan ini adalah perjuangan bersama menuju kesuksesan di Jakarta

 Ganjar Mahfud Hebat #L3bihbaik #3GM#GanjarMahfud2024 Tandanya"
slamet taufiq,@slamet2taufiq,https://nitter.moomoo.me/pic/profile_images%2F1721298786687881216%2F_uYyKP7j_bigger.png,"Jan 6, 2024 Â· 11:21 PM UTC","sipalingganjar Â  Â  aura nya lluar biasa capres gueÂ 

 Ganjar Mahfud Hebat #L3bihbaik #3GM#GanjarMahfud2024 Sambo"
sabar setiabudi,@sabar_setiabudi,https://nitter.moomoo.me/pic/profile_images%2F1114888277121589249%2FwQdbyCoI_bigger.jpg,"Jan 6, 2024 Â· 11:21 PM UTC","Pak Ganjar itu pelari maraton SAT SET GESIT

CEKATAN CERDAS TANGKASÂ 

Dari SabangÂ  ke Merauke

Dari Pulau Rote ke Miangas

Tak kenal LELAH Tak kenal TAKUTÂ 

Sedikit bicara banyak bekerja

Jarang di MEJA sering di LAPANGANÂ 

Totalitas nya Pengabdian nya

Tak di ragukanÂ ,"
Skye Sider-LaFrance,@SkyeLaFrance,https://nitter.moomoo.me/pic/profile_images%2F1721308292507410432%2FAGRrO3YP_bigger.png,"Jan 6, 2024 Â· 11:21 PM UTC","D_Ones10 mohmahfudmd Heheheh naaah itu

 Ganjar Mahfud Hebat #L3bihbaik #3GM#GanjarMahfud2024 Tandanya"
Jon Shudra,@SirShudragon,https://nitter.moomoo.me/pic/profile_images%2F515860096530653184%2FEiv_AdPp_bigger.jpeg,"Jan 6, 2024 Â· 11:20 PM UTC","selamat ulang tahun buat mas , semoga di berikan keberkahan d hidupÂ 

 Ganjar Mahfud Hebat #L3bihbaik #3GM#GanjarMahfud2024 Stasiun"
Soltan Ahmad,@Soltanahmad2,https://nitter.moomoo.me/pic/abs.twimg.com%2Fsticky%2Fdefault_profile_images%2Fdefault_profile_bigger.png,"Jan 6, 2024 Â· 11:20 PM UTC","Ganjar Pranowo sukses menciptakan momen-momen akrab dan menyenangkan d teater politik bersama srimulat

 Ganjar Mahfud Hebat #L3bihbaik #3GM#GanjarMahfud2024 Stasiun"
zidanlomans,@ZidanLomans,https://nitter.moomoo.me/pic/profile_images%2F531779214781870082%2Fso_g5bia_bigger.jpeg,"Jan 6, 2024 Â· 11:20 PM UTC","Dalam setiap langkahnya, #JNKBersamaGanjarMahfud mencerminkan kebersamaan dalam mendukung perjalanan Ganjar Pranowo dan Prof Mahfud menuju keberhasilan yang lebih besar. #JNK"
James Dizon,@JamesDizon1,https://nitter.moomoo.me/pic/profile_images%2F1734134108%2FFrederick_Lorenzo_Photo_bigger.jpg,"Jan 6, 2024 Â· 11:20 PM UTC","Dalam setiap langkahnya, #JNKBersamaGanjarMahfud mencerminkan kebersamaan dalam mendukung perjalanan Ganjar Pranowo dan Prof Mahfud menuju keberhasilan yang lebih besar. #JNK"
isabelle luchie,@isabelle_luchie,https://nitter.moomoo.me/pic/profile_images%2F1461089595%2F36257_1520908394902_1600330853_31104181_4045990_n_bigger.jpg,"Jan 6, 2024 Â· 11:20 PM UTC","Dalam setiap langkahnya, #JNKBersamaGanjarMahfud mencerminkan kebersamaan dalam mendukung perjalanan Ganjar Pranowo dan Prof Mahfud menuju keberhasilan yang lebih besar. #JNK"
marwan arisandi,@marwan23101996,https://nitter.moomoo.me/pic/profile_images%2F378800000325435226%2F6cf3a8028410ec8257b20d2f96970506_bigger.png,"Jan 6, 2024 Â· 11:20 PM UTC","Dalam setiap langkahnya, #JNKBersamaGanjarMahfud mencerminkan kebersamaan dalam mendukung perjalanan Ganjar Pranowo dan Prof Mahfud menuju keberhasilan yang lebih besar. #JNK"
martins,@oasdmemartins,https://nitter.moomoo.me/pic/profile_images%2F1735917782431408128%2FY_2KfS_8_bigger.jpg,"Jan 6, 2024 Â· 11:20 PM UTC","Dalam setiap langkahnya, #JNKBersamaGanjarMahfud mencerminkan kebersamaan dalam mendukung perjalanan Ganjar Pranowo dan Prof Mahfud menuju keberhasilan yang lebih besar. #JNK"
kasturi,@seharum_kasturi,https://nitter.moomoo.me/pic/profile_images%2F1436441028%2Fbunga-kasturi_bigger.jpg,"Jan 6, 2024 Â· 11:20 PM UTC","Dalam setiap langkahnya, #JNKBersamaGanjarMahfud mencerminkan kebersamaan dalam mendukung perjalanan Ganjar Pranowo dan Prof Mahfud menuju keberhasilan yang lebih besar. #JNK"
Dendi Harry,@Thick_Mike9,https://nitter.moomoo.me/pic/profile_images%2F1735914578335367169%2F4jSZpM3c_bigger.jpg,"Jan 6, 2024 Â· 11:20 PM UTC","Dalam setiap langkahnya, #JNKBersamaGanjarMahfud mencerminkan kebersamaan dalam mendukung perjalanan Ganjar Pranowo dan Prof Mahfud menuju keberhasilan yang lebih besar. #JNK"
Basir Ali,@BasirAli88,https://nitter.moomoo.me/pic/profile_images%2F1735524490543804416%2F-yXePyGV_bigger.jpg,"Jan 6, 2024 Â· 11:20 PM UTC","Dalam setiap langkahnya, #JNKBersamaGanjarMahfud mencerminkan kebersamaan dalam mendukung perjalanan Ganjar Pranowo dan Prof Mahfud menuju keberhasilan yang lebih besar. #JNK"
jhingga manopo,@manilyn37,https://nitter.moomoo.me/pic/profile_images%2F1734233729256849408%2FJelKn6mz_bigger.jpg,"Jan 6, 2024 Â· 11:20 PM UTC","Februari nanti, People Party democracy bakal jadi happening yang gak boleh dilewatkan! Dan kita bakal bikin happening-nya lebih epic dengan memilih Ganjar Pranowo. #GanjarMahfudRebound #GanjarPranowoPilihanUmat #JNK"
Skye Sider-LaFrance,@SkyeLaFrance,https://nitter.moomoo.me/pic/profile_images%2F1721308292507410432%2FAGRrO3YP_bigger.png,"Jan 6, 2024 Â· 11:20 PM UTC","AntonKu73047372 mohmahfudmd SiapÂ 

 Ganjar Mahfud Hebat #L3bihbaik #3GM#GanjarMahfud2024 KM 50"
Gesuri,@GesuriID,https://nitter.moomoo.me/pic/profile_images%2F935094379638689792%2FY2yHR5kF_bigger.jpg,"Jan 6, 2024 Â· 11:19 PM UTC",Banteng Kenjeran Targetkan Kemenangan Tebal Ganjar - Mahfud &Â PDI Perjuangan gesuri.id/pemilu/banteng-kenâ€¦
Gesuri,@GesuriID,https://nitter.moomoo.me/pic/profile_images%2F935094379638689792%2FY2yHR5kF_bigger.jpg,"Jan 6, 2024 Â· 11:19 PM UTC",Ganjarist Sumsel Siap Gas Poll Dukung Ganjar-Mahfud gesuri.id/pemilu/ganjarist-sâ€¦
Gesuri,@GesuriID,https://nitter.moomoo.me/pic/profile_images%2F935094379638689792%2FY2yHR5kF_bigger.jpg,"Jan 6, 2024 Â· 11:19 PM UTC",Heri Achmad Wiyono Tegaskan Ganjar - Mahfud Komitmen Berantas StuntingÂ  gesuri.id/pemilu/heri-achmadâ€¦
Gesuri,@GesuriID,https://nitter.moomoo.me/pic/profile_images%2F935094379638689792%2FY2yHR5kF_bigger.jpg,"Jan 6, 2024 Â· 11:19 PM UTC",PDI Perjuangan Surabaya Bersama Ribuan Emak-emak SIap Kawal Kemenangan Ganjar - Mahfud gesuri.id/pemilu/pdi-perjuanâ€¦
Jon Shudra,@SirShudragon,https://nitter.moomoo.me/pic/profile_images%2F515860096530653184%2FEiv_AdPp_bigger.jpeg,"Jan 6, 2024 Â· 11:19 PM UTC","freddyarjunaÂ  MurtadhaOne1 mohmahfudmd Jebul wis simbah-simbah toÂ 

 Ganjar Mahfud Hebat #L3bihbaik #3GM#GanjarMahfud2024 KM 50"
Sifmeister,@SifTheArtist,https://nitter.moomoo.me/pic/profile_images%2F1226747429321572352%2FdcD9mIZi_bigger.jpg,"Jan 6, 2024 Â· 11:19 PM UTC","sipalingganjar Â  Â  aura nya lluar biasa capres gueÂ 

 Ganjar Mahfud Hebat #L3bihbaik #3GM#GanjarMahfud2024 KM 50"
FRANK PRESTON,@seaspec33181,https://nitter.moomoo.me/pic/profile_images%2F1721298658962898945%2FqKacHt1Z_bigger.png,"Jan 6, 2024 Â· 11:18 PM UTC","Ganjar Pranowo, dengan senyumnya, membuktikan bahwa kepemimpinan bisa dijalani dengan kehangatan dan keceriaan

 Ganjar Mahfud Hebat #L3bihbaik #3GM#GanjarMahfud2024 KM 50"
âœ¨â­ï¸shalomâ­ï¸âœ¨,@ShalomLoreto,https://nitter.moomoo.me/pic/profile_images%2F1277511166030307329%2FwBPrawRc_bigger.jpg,"Jan 6, 2024 Â· 11:18 PM UTC","Bersama Ganjar Pranowo kita wujudkan kesejahteraan yang adil dan merata GanjarMahfud2024 Yogyakarta Jogja Daerah Istemewa Yogyakarta DIYÂ 

 Ganjar Mahfud Hebat #L3bihbaik #3GM#GanjarMahfud2024 Tandanya"
surinder singh,@singh_surindr,https://nitter.moomoo.me/pic/abs.twimg.com%2Fsticky%2Fdefault_profile_images%2Fdefault_profile_bigger.png,"Jan 6, 2024 Â· 11:17 PM UTC","Alhamdulillah

 Ganjar Mahfud Hebat #L3bihbaik #3GM#GanjarMahfud2024 Tandanya"
Sifmeister,@SifTheArtist,https://nitter.moomoo.me/pic/profile_images%2F1226747429321572352%2FdcD9mIZi_bigger.jpg,"Jan 6, 2024 Â· 11:17 PM UTC","Ayo pak Kita menagkanÂ  1 putaran ğŸ‘Â 

 Ganjar Mahfud Hebat #L3bihbaik #3GM#GanjarMahfud2024 Kalau Prabowo Gibran"
